{
"Hi":"*💖HI*... *How are You..!*",
"Good Morning":"*Good Morning 🌅*",
"Good Night":"*Good Night..🌉*",
"Bye":"*Bye bye....*",
"Aslam o Alykum":"> *walykum salam ❤‍🔥🤌🏻*",
"Owner":"*𝗡𝗢𝗩𝗔-𝗫𝗠𝗗 🇹🇿*",
"bmb":"how can i help you?..🐵",
"Sc":"*Yeah Lain Broo Enjoy Karo🌚*",
"Repo":"*here is my repo🙈*",
"Hello":"*wassup.🤍*",
"Ok":"*Ok Mere Jaan*",
"Hmm":"> *Hamm.🌚*", 
"duh":"*Lakhhhhhhhhhh Di Lanat 🙌😂*",
"uff":"*💋 Hyee*",
"love":"*Luv you two² 💗😁*"
}
