{
    "DJ":"https://github.com/JawadYTX/KHAN-DATA/raw/refs/heads/main/autovoice/menu.m4a",
    "Imran":"https://github.com/JawadYTX/KHAN-DATA/raw/refs/heads/main/autovoice/sigma.m4a",
    "zinda":"https://github.com/JawadYTX/KHAN-DATA/raw/refs/heads/main/autovoice/alive.m4a",
    "hi":"https://github.com/JawadYTX/KHAN-DATA/raw/refs/heads/main/autovoice/hi.m4a",
    "helo":"https://github.com/JawadYTX/KHAN-DATA/raw/refs/heads/main/autovoice/hello.m4a",
    "good morning":"https://github.com/JawadYTX/KHAN-DATA/raw/refs/heads/main/autovoice/gm.m4a",
    "haha":"https://github.com/JawadYTX/KHAN-DATA/raw/refs/heads/main/autovoice/haha.m4a",
    "bye":"https://github.com/JawadYTX/KHAN-DATA/raw/refs/heads/main/autovoice/bye.m4a",
    "i love you":"https://github.com/JawadYTX/KHAN-DATA/raw/refs/heads/main/autovoice/love.m4a",
    "don":"https://github.com/JawadYTX/KHAN-DATA/raw/refs/heads/main/autovoice/repo.m4a",
    "oya":"https://github.com/JawadYTX/KHAN-DATA/raw/refs/heads/main/autovoice/repo.m4a",
    "thanku":"https://github.com/JawadYTX/KHAN-DATA/raw/refs/heads/main/autovoice/thanks.m4a",
    "sigma":"https://github.com/JawadYTX/KHAN-DATA/raw/refs/heads/main/autovoice/sigma.m4a",
    "jan":"https://github.com/JawadYTX/KHAN-DATA/raw/refs/heads/main/autovoice/sigma.m4a", 
    ".ping2":"https://github.com/JawadYTX/KHAN-DATA/raw/refs/heads/main/autovoice/contact.m4a",
    "joun":"https://github.com/sadiyamin/alexa-database/raw/refs/heads/main/Media/pakaya.m4a",
    "nice":"https://github.com/sadiyamin/alexa-database/raw/refs/heads/main/Media/pakaya.m4a",
    "by":"https://github.com/sadiyamin/alexa-database/raw/refs/heads/main/Media/pakaya.m4a",
    "hehe":"https://github.com/VajiraTech/IZUMI-AUTO-VOICER/raw/main/Ponnaya(tbg).m4a",
    "oka":"https://github.com/VajiraTech/IZUMI-AUTO-VOICER/raw/main/kawa.m4a",
    "wow":"https://github.com/VajiraTech/IZUMI-AUTO-VOICER/raw/main/kellek%20oni.m4a",
    "geo":"https://github.com/VajiraTech/IZUMI-AUTO-VOICER/raw/main/wesi(tbg).m4a",
    "love":"https://github.com/sadiyamin/alexa-database/raw/refs/heads/main/Media/i_love_you.m4a",
    "love you":"https://github.com/sadiyamin/alexa-database/raw/refs/heads/main/Media/i_love_you.m4a",
    "ohh":"https://github.com/sadiyamin/alexa-database/raw/refs/heads/main/Media/i_love_you.m4a",
    "dear":"https://github.com/sadiyamin/alexa-database/raw/refs/heads/main/Media/pakaya.m4a",
    "sir":"https://github.com/sadiyamin/alexa-database/raw/refs/heads/main/Media/pakaya.m4a",  
    "hm":"https://github.com/tharumin/Alexa_Voice/raw/refs/heads/main/hm.m4a",
    "hmm":"https://github.com/tharumin/Alexa_Voice/raw/refs/heads/main/hm.m4a",
    "aww":"https://github.com/tharumin/Alexa_Voice/raw/refs/heads/main/hm.m4a",
    "oye":"https://github.com/tharumin/Alexa_Voice/raw/refs/heads/main/oya_kawada.m4a",
    "ustad":"https://github.com/tharumin/Alexa_Voice/raw/refs/heads/main/oya_kawada.m4a",
    "molning":"https://github.com/sadiyamin/alexa-database/raw/refs/heads/main/Media/good_morning.m4a",
    "night":"https://github.com/sadiyamin/alexa-database/raw/refs/heads/main/Media/good_night.m4a",
    "good night":"https://github.com/sadiyamin/alexa-database/raw/refs/heads/main/Media/good_night.m4a"
".repo":"https://github.com/ANSAR-PANHWAR/PANHWAR-DATA/raw/refs/heads/main/autovoice/panhwar.m4a",
".list":"https://github.com/ANSAR-PANHWAR/PANHWAR-DATA/raw/refs/heads/main/autovoice/panhwar.m4a",
".alive":"https://github.com/ANSAR-PANHWAR/PANHWAR-DATA/raw/refs/heads/main/autovoice/panhwar.m4a",
"hi":"https://github.com/SILENTLOVER40/SOBX-MD_DATABASE/raw/refs/heads/main/autovoice/AUD-20241110-WA0009.m4a",
"hello":"https://github.com/SILENTLOVER40/SOBX-MD_DATABASE/raw/refs/heads/main/autovoice/AUD-20241110-WA0009.m4a",
".panhwar":"https://github.com/JawadYTX/KHAN-DATA/raw/refs/heads/main/autovoice/repo.m4a",
"good morning":"https://github.com/sadiyamin/alexa-database/raw/refs/heads/main/Media/good_morning.mp3",
"night":"https://github.com/sadiyamin/alexa-database/raw/refs/heads/main/Media/good_night.mp3",
"good night":"https://github.com/sadiyamin/alexa-database/raw/refs/heads/main/Media/good_night.mp3",
"hm":"https://github.com/tharumin/Alexa_Voice/raw/refs/heads/main/hm.mp3",
"king":"https://github.com/ANSAR-PANHWAR/PANHWAR-DATA/raw/refs/heads/main/autovoice/ansar.m4a",
"don":"https://github.com/ANSAR-PANHWAR/PANHWAR-DATA/raw/refs/heads/main/autovoice/ansar.m4a",
"oye":"https://github.com/ANSAR-PANHWAR/PANHWAR-DATA/raw/refs/heads/main/autovoice/ansar.m4a",
"unyama":"https://github.com/tharumin/Alexa_Voice/raw/refs/heads/main/oya_kawada.mp3",
"haha":"https://github.com/tharumin/Alexa_Voice/raw/refs/heads/main/oya_kawada.mp3",
"hehe":"https://github.com/VajiraTech/IZUMI-AUTO-VOICER/raw/main/Ponnaya(tbg).mp3",
"okay":"https://github.com/ANSAR-PANHWAR/PANHWAR-DATA/raw/refs/heads/main/autovoice/ansar.m4a",
"wow":"https://github.com/JawadYTX/KHAN-DATA/raw/refs/heads/main/autovoice/repo.m4a",
"geo":"https://github.com/ANSAR-PANHWAR/PANHWAR-DATA/raw/refs/heads/main/autovoice/ansar.m4a",
"I love you":"https://github.com/sadiyamin/alexa-database/raw/refs/heads/main/Media/i_love_you.mp3",
"love":"https://github.com/sadiyamin/alexa-database/raw/refs/heads/main/Media/i_love_you.mp3",
"love you":"https://github.com/ANSAR-PANHWAR/PANHWAR-DATA/raw/refs/heads/main/autovoice/panhwar.m4a",
"ohh":"https://github.com/sadiyamin/alexa-database/raw/refs/heads/main/Media/i_love_you.mp3",
"dear":"https://github.com/sadiyamin/alexa-database/raw/refs/heads/main/Media/pakaya.mp3",
"kaka":"https://github.com/sadiyamin/alexa-database/raw/refs/heads/main/Media/pakaya.mp3",  
"Stany":"https://github.com/ANSAR-PANHWAR/PANHWAR-DATA/raw/refs/heads/main/autovoice/panhwar.m4a",
"nice":"https://github.com/sadiyamin/alexa-database/raw/refs/heads/main/Media/pakaya.mp3",
"bye":"https://github.com/sadiyamin/alexa-database/raw/refs/heads/main/Media/pakaya.mp3",
"by":"https://github.com/sadiyamin/alexa-database/raw/refs/heads/main/Media/pakaya.mp3"
}

